<favourites>
    <favourite name="Kids World" thumb="special://home/addons/plugin.video.afkmenu/logos/navigatie/octo.png">ActivateWindow(10025,&quot;plugin://plugin.program.super.favourites/?label=livesport&amp;mode=400&amp;path=special%3A%2F%2Fhome%2Faddons%2Fplugin.video.afkmenu%2Fmenu%5CSuper+Favourites%5Cmappen%5Ckids&amp;sf_options=winID%3D10025%26desc%3DKinder+gedeelte+met+Films+&+Series.%26_options_sf&quot;,return)</favourite>
    <favourite name="Aflevering Gemist" thumb="special://home/addons/plugin.video.afkmenu/logos/navigatie/tvguide.png">ActivateWindow(10025,&quot;plugin://net.rieter.xot/?action=listcategory&amp;category=National&amp;sf_options=winID%3D10025%26desc%3DKijk+je+favoriete+aflevering+terug.%26_options_sf&quot;,return)</favourite>
    <favourite name="HD-Trailers" thumb="special://home/addons/plugin.video.afkmenu/logos/navigatie/hd.png">ActivateWindow(10025,&quot;plugin://plugin.video.hdtrailers_net/&amp;sf_options=winID%3D10025%26desc%3DBekijk+de+vetste+trailers+hier.%26_options_sf&quot;,return)</favourite>
    <favourite name="YouTube" thumb="special://home/addons/plugin.video.afkmenu/logos/navigatie/youtube.png">ActivateWindow(10025,&quot;plugin://plugin.video.youtube/&amp;sf_options=winID%3D10025%26desc%3DKijk+alles+wat+youtube+te+bieden+heeft.%26_options_sf&quot;,return)</favourite>
	<favourite name="Documentaires" thumb="special://home/addons/plugin.video.afkmenu/logos/navigatie/pictures.png">ActivateWindow(10025,&quot;plugin://plugin.video.DecadoDocs/&amp;sf_options=winID%3D10025%26desc%3DAlle+documentaires+zijn+hier+te+vinden%26_options_sf&quot;,return)</favourite>
    <favourite name="Fitness" thumb="special://home/addons/plugin.video.afkmenu/logos/navigatie/run.png">ActivateWindow(10025,&quot;plugin://plugin.video.placenta/?action=fitness&amp;sf_options=winID%3D10025%26desc%3DOp+zoek+naar+een+workout+vind+ze+hier.%26_options_sf&quot;,return)</favourite>
</favourites>
