<window>
    <defaultcontrol>30</defaultcontrol>
    <allowoverlay>yes</allowoverlay>
    <defaultcontrol always="true">9101</defaultcontrol>

    <controls>
        <include>GlobalBackground</include>
        <include>Furniture_NowPlaying</include>
        <include>Furniture_Clock</include>
        <include>Furniture_Weather</include>
        <control type="group">
            <include>Animation.Common</include>
            <left>72</left>
            <right>72</right>
            <top>60</top>
            <height>810</height>

            <control type="image">
                <width>100%</width>
                <height>100%</height>
                <texture border="16" colordiffuse="Panel">common/rounded-shadow8.png</texture>
            </control>

            <control type="group">
                <left>8</left>
                <right>8</right>
                <top>8</top>
                <bottom>8</bottom>
                <!-- Left Group -->
                <control type="grouplist" id="9100">
                    <description>Button Area</description>
                    <width>450</width>
                    <top>80</top>
                    <bottom>0</bottom>
                    <itemgap>0</itemgap>
                    <onleft>9000</onleft>
                    <onright>9200</onright>
                    <onup>9100</onup>
                    <ondown>9100</ondown>
                    <orientation>vertical</orientation>
                    <control type="togglebutton" id="9101" description="Info">
                        <usealttexture>ControlGroup(9100).HasFocus(9101)</usealttexture>
                        <alttexturenofocus colordiffuse="$VAR[ColorHighlight]">common/white.png</alttexturenofocus>
                        <include>DefSettingsButton</include>
                        <label>Info</label>
                    </control>
                    <control type="togglebutton" id="9102" description="Gereedschap">
                        <usealttexture>ControlGroup(9100).HasFocus(9102)</usealttexture>
                        <alttexturenofocus colordiffuse="$VAR[ColorHighlight]">common/white.png</alttexturenofocus>
                        <include>DefSettingsButton</include>
                        <label>Gereedschap</label>
                    </control>
                    <control type="togglebutton" id="9103" description="Updaten">
                        <usealttexture>ControlGroup(9100).HasFocus(9103)</usealttexture>
                        <alttexturenofocus colordiffuse="$VAR[ColorHighlight]">common/white.png</alttexturenofocus>
                        <include>DefSettingsButton</include>
                        <label>Updaten</label>
                    </control>
                    <control type="togglebutton" id="9104" description="Addon instellingen">
                        <usealttexture>ControlGroup(9100).HasFocus(9104)</usealttexture>
                        <alttexturenofocus colordiffuse="$VAR[ColorHighlight]">common/white.png</alttexturenofocus>
                        <include>DefSettingsButton</include>
                        <label>Addon Instellingen</label>
                    </control>
                    <control type="togglebutton" id="9105" description="Advanced">
                        <usealttexture>ControlGroup(9100).HasFocus(9105)</usealttexture>
                        <alttexturenofocus colordiffuse="$VAR[ColorHighlight]">common/white.png</alttexturenofocus>
                        <include>DefSettingsButton</include>
                        <label>Geavanceerd</label>
                    </control>
                </control>

                <!-- Right Group -->
                <control type="grouplist" id="9200">
                    <description>Control Area</description>
                    <left>450</left>
                    <right>0</right>
                    <top>80</top>
                    <bottom>10</bottom>
                    <itemgap>0</itemgap>
                    <onleft>9100</onleft>
                    <onright>9000</onright>
                    <onup>9200</onup>
                    <ondown>9200</ondown>
                    <orientation>vertical</orientation>
                    <!-- Info -->
                    <control type="button" id="9211" description="Netwerk">
                        <width>1310</width>
                        <visible>ControlGroup(9100).HasFocus(9101)</visible>
                        <include>DefSettingsButton</include>
                        <label>NETWERK $INFO[Network.LinkState]</label>
                        <onclick>noop</onclick>
                    </control>
                    <control type="button" id="9212" description="Test verbindings snelheid">
                        <width>1310</width>
                        <visible>ControlGroup(9100).HasFocus(9101)</visible>
                        <include>DefSettingsButton</include>
                        <label>[COLOR red]- Test uw verbindings snelheid[/COLOR]</label>
                        <onclick>RunAddon(script.speedtestnet)</onclick>
                    </control>
                    <control type="button" id="9213" description="IPAdres">
                        <width>1310</width>
                        <visible>ControlGroup(9100).HasFocus(9101)</visible>
                        <include>DefSettingsButton</include>
                        <label>IP Adres: [COLOR lime]$INFO[Network.IPAddress][/COLOR]</label>
                        <onclick>noop</onclick>
                    </control>
                     <control type="button" id="9214" description="Subnetmask">
                        <width>1310</width>
                        <visible>ControlGroup(9100).HasFocus(9101)</visible>
                        <include>DefSettingsButton</include>
                        <label>Subnetmask: $INFO[Network.SubnetMask]</label>
                        <onclick>noop</onclick>
                    </control>
                       <control type="button" id="9215" description="Gateway">
                        <width>1310</width>
                        <visible>ControlGroup(9100).HasFocus(9101)</visible>
                        <include>DefSettingsButton</include>
                        <label>Gateway: $INFO[Network.GatewayAddress]</label>
                        <onclick>noop</onclick>
                    </control>
                    <control type="button" id="9216" description="DNS1">
                        <width>1310</width>
                        <visible>ControlGroup(9100).HasFocus(9101)</visible>
                        <include>DefSettingsButton</include>
                        <label>DNS1: $INFO[Network.DNS1Address]</label>
                        <onclick>noop</onclick>
                    </control>
                     <control type="button" id="9217" description="DNS2">
                        <width>1310</width>
                        <visible>ControlGroup(9100).HasFocus(9101)</visible>
                        <include>DefSettingsButton</include>
                        <label>DNS2: $INFO[Network.DNS2Address]</label>
                        <onclick>noop</onclick>
                    </control>
                     <control type="button" id="9218" description="Resolutie">
                        <width>1310</width>
                        <visible>ControlGroup(9100).HasFocus(9101)</visible>
                        <include>DefSettingsButton</include>
                        <label>[COLOR cyan]Scherm Resolutie:[/COLOR] $INFO[System.ScreenResolution]</label>
                        <onclick>noop</onclick>
                    </control>
                    <control type="button" id="9219" description="Systeem versie">
                        <width>1310</width>
                        <visible>ControlGroup(9100).HasFocus(9101)</visible>
                        <include>DefSettingsButton</include>
                        <label>[COLOR cyan]Besturingssysteem:[/COLOR] $INFO[System.KernelVersion]</label>
                        <onclick>noop</onclick>
                    </control>
                    <control type="button" id="9220" description="Geheugen">
                        <width>1310</width>
                        <visible>ControlGroup(9100).HasFocus(9101)</visible>
                        <include>DefSettingsButton</include>
                        <label>[COLOR cyan]Geheugen Gebruik:[/COLOR] $INFO[System.Memory(used.percent)]</label>
                        <onclick>noop</onclick>
                    </control>

                    <!-- Gereedschap -->
                    <control type="button" id="9222" description="Tools gebuiken">
                        <width>1310</width>
                        <visible>ControlGroup(9100).HasFocus(9102)</visible>
                        <include>DefSettingsButton</include>
                        <label>[COLOR gold]Schoonmaak tools Gebruiken, eens in de week uitvoeren.[/COLOR]</label>
                        <onclick>noop</onclick>
                    </control>
                    <control type="button" id="9223" description="Film/Serie cache">
                        <width>1310</width>
                        <visible>ControlGroup(9100).HasFocus(9102)</visible>
                        <include>DefSettingsButton</include>
                        <label>[COLOR cyan]Onderhoud:[/COLOR] Film/Serie Cache schoonmaken (na selectie 1 min wachten en ja/ok selecteren)</label>
                        <onclick>RunPlugin(&quot;plugin://plugin.video.incursion/?action=clearCache&quot;)</onclick>
                        <onclick>RunPlugin(&quot;plugin://plugin.video.placenta/?action=clearCache&quot;)</onclick>
                        <onclick>RunPlugin(&quot;plugin://plugin.video.neptune/?action=clearCache&quot;)</onclick>
                    </control>
                     <control type="button" id="9224" description="Bronnen opschonen">
                        <width>1310</width>
                        <visible>ControlGroup(9100).HasFocus(9102)</visible>
                        <include>DefSettingsButton</include>
                        <label>[COLOR cyan]Onderhoud:[/COLOR] Film/Serie Bronnen schoonmaken (na selectie 1 min wachten en ja/ok selecteren)</label>
                        <onclick>RunPlugin(&quot;plugin://plugin.video.incursion/?action=clearSources&quot;)</onclick>
                        <onclick>RunPlugin(&quot;plugin://plugin.video.placenta/?action=clearSources&quot;)</onclick>
                        <onclick>RunPlugin(&quot;plugin://plugin.video.neptune/?action=clearSources&quot;)</onclick>
                    </control>
                     <control type="button" id="9225" description="Programma cache">
                        <width>1310</width>
                        <visible>ControlGroup(9100).HasFocus(9102)</visible>
                        <include>DefSettingsButton</include>
                        <label>[COLOR cyan]Onderhoud:[/COLOR] Programma Cache schoonmaken</label>
                        <onclick>RunScript(special://masterprofile/resources/cache.py)</onclick>
                    </control>
                     <control type="button" id="9226" description="Oude addons">
                        <width>1310</width>
                        <visible>ControlGroup(9100).HasFocus(9102)</visible>
                        <include>DefSettingsButton</include>
                        <label>[COLOR cyan]Onderhoud:[/COLOR] Verwijderen oude Downloads</label>
                        <onclick>RunScript(special://masterprofile/resources/packages.py)</onclick>
                    </control>
                    <control type="button" id="9227" description="afbeelding verwijderen">
                        <width>1310</width>
                        <visible>ControlGroup(9100).HasFocus(9102)</visible>
                        <include>DefSettingsButton</include>
                        <label>[COLOR gold]Oude Afbeeldingen verwijderen, eens per 3 maanden uitvoeren.[/COLOR]</label>
                        <onclick>noop</onclick>
                    </control>
                    <control type="button" id="9228" description="Afbeelding verwijderen">
                        <width>1310</width>
                        <visible>ControlGroup(9100).HasFocus(9102)</visible>
                        <include>DefSettingsButton</include>
                        <label>[COLOR cyan]Onderhoud:[/COLOR] Afbeeldingen verwijderen</label>
                        <onclick>RunScript(special://masterprofile/resources/clean.py)</onclick>
                    </control>

                    <!-- Updaten -->
                    <control type="button" id="9232" description="Update versie">
                        <width>1310</width>
                        <visible>ControlGroup(9100).HasFocus(9103)</visible>
                        <include>DefSettingsButton</include>
                        <label>[COLOR gold]Controleren op Addon updates.[/COLOR]</label>
                        <onclick>noop</onclick>
                    </control>
                    <control type="button" id="9233" description="Update versie">
                        <width>1310</width>
                        <visible>ControlGroup(9100).HasFocus(9103)</visible>
                        <include>DefSettingsButton</include>
                        <label>[COLOR cyan]Addons:[/COLOR] Handmatig controleren op addon updates</label>
                        <onclick>UpdateLocalAddons</onclick>
			            <onclick>UpdateAddonRepos</onclick>
			            <onclick>RunScript(special://masterprofile/resources/updatedialog.py)</onclick>
                    </control>
                    <control type="button" id="9234" description="Update versie">
                        <width>1310</width>
                        <visible>ControlGroup(9100).HasFocus(9103)</visible>
                        <include>DefSettingsButton</include>
                        <label>[COLOR gold]Info: [COLOR cyan]Join de VIP Facebook Groep voor Info & Hulp http://bit.ly/FBZatrix[/COLOR]</label>
                        <onclick>noop</onclick>
                    </control>
                  <control type="button" id="9235" description="Update versie">
                        <width>1310</width>
                        <visible>ControlGroup(9100).HasFocus(9103)</visible>
                        <include>DefSettingsButton</include>
                        <label>[COLOR gold]Software versie: [COLOR cyan]3.0.2[COLOR gold] | Update beschikbaar: [COLOR red]$ADDON[script.afkboxtools2 30001][COLOR lime]$ADDON[script.afkboxtools2 30002][/COLOR]</label>
                        <onclick>noop</onclick>
                    </control>
                    <control type="button" id="9236" description="Updaten">
                        <width>1310</width>
                        <visible>ControlGroup(9100).HasFocus(9103)</visible>
                        <include>DefSettingsButton</include>
                        <label>[COLOR cyan]Updaten:[/COLOR] Open het Update Scherm</label>
                        <onclick>ActivateWindow(10001,&quot;plugin://script.afkboxtools2/?description&amp;mode=3&amp;name=AFK%20Update&amp;url&quot;,return)</onclick>
                    </control>
                    <control type="button" id="9237" description="Updaten">
                        <width>1310</width>
                        <visible>ControlGroup(9100).HasFocus(9103)</visible>
                        <include>DefSettingsButton</include>
                        <label>[COLOR gold]Addon Instellingen - Update Beschikbaar: [COLOR red]$ADDON[script.afkboxsettings 30001][COLOR cyan]$ADDON[script.afkboxsettings 30002][/COLOR]</label>
                        <onclick>noop</onclick>
                    </control>
                    <control type="button" id="9238" description="Update versie">
                        <width>1310</width>
                        <visible>ControlGroup(9100).HasFocus(9103)</visible>
                        <include>DefSettingsButton</include>
                        <label>[COLOR cyan]Updaten:[/COLOR] Start updaten van instellingen (let op trakt account opnieuw koppelen)</label>
                        <onclick>RunScript(special://masterprofile/resources/settings.py)</onclick>
                    </control>
                    <control type="button" id="9239" description="Herinstall">
                        <width>1310</width>
                        <visible>ControlGroup(9100).HasFocus(9103)</visible>
                        <include>DefSettingsButton</include>
                        <label>[COLOR gold]Herinstalleren AFK-Box Software[/COLOR]</label>
                        <onclick>noop</onclick>
                    </control>
                    <control type="button" id="9240" description="Herinstall uitvoeren">
                        <width>1310</width>
                        <visible>ControlGroup(9100).HasFocus(9103)</visible>
                        <include>DefSettingsButton</include>
                        <label>[COLOR cyan]Herstel:[/COLOR] Start het Herinstallatie AFK-Box</label>
                        <onclick>RunScript(special://masterprofile/resources/backup.py)</onclick>
                    </control>

                    <!-- addon settings -->
                    <control type="button" id="9268" description="instellingen">
                        <width>1310</width>
                        <visible>ControlGroup(9100).HasFocus(9104)</visible>
                        <include>DefSettingsButton</include>
                        <label>[COLOR gold]Addon Instellingen[/COLOR]</label>
                        <onclick>noop</onclick>
                    </control>
                    <control type="button" id="9269" description="specto instellingen">
                        <width>1310</width>
                        <visible>ControlGroup(9100).HasFocus(9104)</visible>
                        <include>DefSettingsButton</include>
                        <label>[COLOR cyan]Incursion:[/COLOR] Instellingen</label>
                        <onclick>Addon.OpenSettings(plugin.video.incursion)</onclick>
                    </control>
                    <control type="button" id="9270" description="exodus instellingen">
                        <width>1310</width>
                        <visible>ControlGroup(9100).HasFocus(9104)</visible>
                        <include>DefSettingsButton</include>
                        <label>[COLOR cyan]Placenta:[/COLOR] Instellingen</label>
                        <onclick>Addon.OpenSettings(plugin.video.placenta)</onclick>
                    </control>
                    <control type="button" id="9271" description="Covenant instellingen">
                        <width>1310</width>
                        <visible>ControlGroup(9100).HasFocus(9104)</visible>
                        <include>DefSettingsButton</include>
                        <label>[COLOR cyan]Neptune Rising:[/COLOR] Instellingen</label>
                        <onclick>Addon.OpenSettings(plugin.video.neptune)</onclick>
                    </control>
                    <control type="button" id="9272" description="RD">
                        <width>1310</width>
                        <visible>ControlGroup(9100).HasFocus(9104)</visible>
                        <include>DefSettingsButton</include>
                        <label>[COLOR gold]UrlResolver & ResolverUrl[/COLOR]</label>
                        <onclick>noop</onclick>
                    </control>
                    <control type="button" id="9273" description="RD">
                        <width>1310</width>
                        <visible>ControlGroup(9100).HasFocus(9104)</visible>
                        <include>DefSettingsButton</include>
                        <label>[COLOR cyan]Real-Debrid Urlresolver:[/COLOR] Authoriseren</label>
                        <onclick>RunPlugin(plugin://script.module.urlresolver/?mode=auth_rd)</onclick>
                    </control>
                     <control type="button" id="9274" description="RD">
                        <width>1310</width>
                        <visible>ControlGroup(9100).HasFocus(9104)</visible>
                        <include>DefSettingsButton</include>
                        <label>[COLOR cyan]Real-Debrid ResolveUrl:[/COLOR] Authoriseren</label>
                        <onclick>RunPlugin(plugin://script.module.resolveurl?mode=auth_rd)</onclick>
                    </control>
                    <control type="button" id="9275" description="RD">
                        <width>1310</width>
                        <visible>ControlGroup(9100).HasFocus(9104)</visible>
                        <include>DefSettingsButton</include>
                        <label>[COLOR cyan]Real-Debrid:[/COLOR] Resetten</label>
                        <onclick>RunPlugin(plugin://script.module.urlresolver/?mode=reset_rd)</onclick>
                        <onclick>RunPlugin(plugin://script.module.resolveurl/?mode=reset_rd)</onclick>
                    </control>
                    <control type="button" id="9276" description="Extra">
                        <width>1310</width>
                        <visible>ControlGroup(9100).HasFocus(9104)</visible>
                        <include>DefSettingsButton</include>
                        <label>[COLOR gold]Extra Instellingen[/COLOR]</label>
                        <onclick>noop</onclick>
                    </control>
                    <control type="button" id="9277" description="afstandsbediening">
                        <width>1310</width>
                        <visible>ControlGroup(9100).HasFocus(9104)</visible>
                        <include>DefSettingsButton</include>
                        <label>- [COLOR cyan]Afstandsbediening instellen[/COLOR]</label>
                        <onclick>ActivateWindow(10001,&quot;plugin://script.afkboxtools2/?description&amp;mode=5&amp;name=AFK%20Remote&amp;url&quot;,return)</onclick>
                    </control>

               <!-- geavanceerd -->
                    <control type="button" id="9299" description="VPN">
                        <width>1310</width>
                        <visible>ControlGroup(9100).HasFocus(9105)</visible>
                        <include>DefSettingsButton</include>
                        <label>[COLOR gold]Virtual Private Network (VPN)[/COLOR]</label>
                        <onclick>noop</onclick>
                    </control>
                    <control type="button" id="9300" description="VPN">
                        <width>1310</width>
                        <visible>ControlGroup(9100).HasFocus(9105)</visible>
                        <include>DefSettingsButton</include>
                        <label>[COLOR cyan]VPN Manager:[/COLOR] Installeren</label>
                        <onclick>RunScript(special://masterprofile/resources/installvpn.py)</onclick>
                    </control>
                    <control type="button" id="9301" description="VPN">
                        <width>1310</width>
                        <visible>ControlGroup(9100).HasFocus(9105)</visible>
                        <include>DefSettingsButton</include>
                        <label>[COLOR cyan]VPN Manager:[/COLOR] Instellen</label>
                        <onclick>RunAddon(service.vpn.manager)</onclick>
                        <visible>System.HasAddon(service.vpn.manager)</visible>
                    </control>
                    <control type="button" id="9302" description="database">
                        <width>1310</width>
                        <visible>ControlGroup(9100).HasFocus(9105)</visible>
                        <include>DefSettingsButton</include>
                        <label>[COLOR gold]Database Opties[/COLOR]</label>
                        <onclick>noop</onclick>
                    </control>
                    <control type="button" id="9303" description="database">
                        <width>1310</width>
                        <visible>ControlGroup(9100).HasFocus(9105)</visible>
                        <include>DefSettingsButton</include>
                        <label>[COLOR cyan]Addon Database[/COLOR] Verwijderen</label>
                        <onclick>ActivateWindow(10001,&quot;plugin://script.afkboxtools2/?description&amp;mode=7&amp;name=AFK%20Database&amp;url&quot;,return)</onclick>
                    </control>
                    <control type="button" id="9304" description="skin instellingen">
                        <width>1310</width>
                        <visible>ControlGroup(9100).HasFocus(9105)</visible>
                        <include>DefSettingsButton</include>
                        <label>[COLOR gold]Skin Instellingen[/COLOR]</label>
                        <onclick>noop</onclick>
                    </control>
                    <control type="radiobutton" id="9305" description="Clock">
                        <width>1310</width>
                        <visible>ControlGroup(9100).HasFocus(9105)</visible>
                        <include>DefSettingsButton</include>
                        <label>31153</label>
                        <selected>!Skin.HasSetting(furniture.clock)</selected>
                        <onclick>Skin.ToggleSetting(furniture.clock)</onclick>
                    </control>
                    <control type="radiobutton" id="9306" description="Weather">
                        <width>1310</width>
                        <visible>ControlGroup(9100).HasFocus(9105)</visible>
                        <include>DefSettingsButton</include>
                        <label>31197</label>
                        <selected>Skin.HasSetting(furniture.weather)</selected>
                        <onclick>Skin.Reset(furniture.topweather)</onclick>
                        <onclick>Skin.ToggleSetting(furniture.weather)</onclick>
                        <enable>!Skin.HasSetting(furniture.clock)</enable>
                    </control>
                    <control type="radiobutton" id="9307" description="Weather Top">
                        <width>1310</width>
                        <visible>ControlGroup(9100).HasFocus(9105)</visible>
                        <include>DefSettingsButton</include>
                        <label>31145</label>
                        <selected>Skin.HasSetting(furniture.topweather)</selected>
                        <onclick>Skin.Reset(furniture.weather)</onclick>
                        <onclick>Skin.ToggleSetting(furniture.topweather)</onclick>
                    </control>
                    <control type="radiobutton" id="9308" description="Flags">
                        <width>1310</width>
                        <visible>ControlGroup(9100).HasFocus(9105)</visible>
                        <include>DefSettingsButton</include>
                        <label>31154</label>
                        <selected>!Skin.HasSetting(furniture.flags)</selected>
                        <onclick>Skin.ToggleSetting(furniture.flags)</onclick>
                    </control>
                    <control type="radiobutton" id="9309" description="Numeric Rating">
                        <width>1310</width>
                        <visible>ControlGroup(9100).HasFocus(9105)</visible>
                        <include>DefSettingsButton</include>
                        <label>31218</label>
                        <selected>Skin.HasSetting(furniture.numericrating)</selected>
                        <onclick>Skin.ToggleSetting(furniture.numericrating)</onclick>
                        <enable>!Skin.HasSetting(furniture.flags)</enable>
                    </control>
                    <control type="radiobutton" id="9310" description="Show detailed info on pause">
                        <width>1310</width>
                        <visible>ControlGroup(9100).HasFocus(9105)</visible>
                        <include>DefSettingsButton</include>
                        <label>31201</label>
                        <selected>Skin.HasSetting(osd.showinfoonpause)</selected>
                        <onclick>Skin.ToggleSetting(osd.showinfoonpause)</onclick>
                    </control>
                    <control type="radiobutton" id="9311" description="Dont use circle icons">
                        <width>1310</width>
                        <visible>ControlGroup(9100).HasFocus(9105)</visible>
                        <include>DefSettingsButton</include>
                        <label>31186</label>
                        <selected>!Skin.HasSetting(global.hidecirles)</selected>
                        <onclick>Skin.ToggleSetting(global.hidecirles)</onclick>
                    </control>
                    <control type="radiobutton" id="9312" description="Clearlogo">
                        <width>1310</width>
                        <visible>ControlGroup(9100).HasFocus(9105)</visible>
                        <include>DefSettingsButton</include>
                        <label>31179</label>
                        <selected>Skin.HasSetting(furniture.logo)</selected>
                        <onclick>Skin.ToggleSetting(furniture.logo)</onclick>
                    </control>
                    <control type="radiobutton" id="9313" description="Reflections">
                        <width>1310</width>
                        <visible>ControlGroup(9100).HasFocus(9105)</visible>
                        <include>DefSettingsButton</include>
                        <label>31219</label>
                        <selected>Skin.HasSetting(show.reflections)</selected>
                        <onclick>Skin.ToggleSetting(show.reflections)</onclick>
                    </control>
                    <control type="radiobutton" id="9314" description="Plot Overlay">
                        <width>1310</width>
                        <visible>ControlGroup(9100).HasFocus(9105)</visible>
                        <include>DefSettingsButton</include>
                        <label>Toon Plot pas na 3 seconden</label>
                        <selected>Skin.HasSetting(furniture.overlayinfo)</selected>
                        <onclick>Skin.ToggleSetting(furniture.overlayinfo)</onclick>
                    </control>
                    <control type="radiobutton" id="9315" description="Show fanart">
                        <width>1310</width>
                        <visible>ControlGroup(9100).HasFocus(9105)</visible>
                        <include>DefSettingsButton</include>
                        <label>Fanart Inschakelen</label>
                        <selected>!Skin.HasSetting(global.hidefanart)</selected>
                        <onclick>Skin.ToggleSetting(global.hidefanart)</onclick>
                    </control>
                    <control type="radiobutton" id="9316" description="Show video in background">
                        <width>1310</width>
                        <visible>ControlGroup(9100).HasFocus(9105)</visible>
                        <include>DefSettingsButton</include>
                        <label>31111</label>
                        <selected>Skin.HasSetting(global.showvideo)</selected>
                        <onclick>Skin.ToggleSetting(global.showvideo)</onclick>
                    </control>
                    <control type="radiobutton" id="9317" description="Show vis in background">
                        <width>1310</width>
                        <visible>ControlGroup(9100).HasFocus(9105)</visible>
                        <include>DefSettingsButton</include>
                        <label>31172</label>
                        <selected>Skin.HasSetting(global.showvisualisation)</selected>
                        <onclick>Skin.ToggleSetting(global.showvisualisation)</onclick>
                    </control>
                    <control type="radiobutton" id="9318" description="Header">
                        <width>1310</width>
                        <visible>ControlGroup(9100).HasFocus(9105)</visible>
                        <include>DefSettingsButton</include>
                        <label>31115</label>
                        <selected>!Skin.HasSetting(furniture.header)</selected>
                        <onclick>Skin.ToggleSetting(furniture.header)</onclick>
                    </control>
                    <control type="radiobutton" id="9319" description="Kiosk Mode">
                        <width>1310</width>
                        <visible>ControlGroup(9100).HasFocus(9105)</visible>
                        <include>DefSettingsButton</include>
                        <label>31199</label>
                        <selected>Skin.HasSetting(global.kioskmode)</selected>
                        <onclick>Skin.ToggleSetting(global.kioskmode)</onclick>
                    </control>
                    <control type="button" id="9320" description="menu instellingen">
                        <width>1310</width>
                        <visible>ControlGroup(9100).HasFocus(9105)</visible>
                        <include>DefSettingsButton</include>
                        <label>[COLOR gold]Menu Instellingen[/COLOR]</label>
                        <onclick>noop</onclick>
                    </control>
                    <control type="button" id="9321" description="Home Style">
                        <width>1310</width>
                        <visible>ControlGroup(9100).HasFocus(9105)</visible>
                        <include>DefSettingsButton</include>
                        <label>31247</label>
                        <label2>$VAR[LabelHomeWidgetStyle]</label2>
                        <onclick condition="Skin.HasSetting(home.classicwidgets)">Skin.SetBool(home.vertical)</onclick>
                        <onclick condition="Skin.HasSetting(home.classicwidgets)">Skin.Reset(home.classicwidgets)</onclick>
                        <onclick condition="Skin.HasSetting(home.vertical)">Skin.Reset(home.classicwidgets)</onclick>
                        <onclick condition="Skin.HasSetting(home.vertical)">Skin.Reset(home.vertical)</onclick>
                        <onclick condition="!Skin.HasSetting(home.vertical) + !Skin.HasSetting(home.classicwidgets)">Skin.Reset(home.vertical)</onclick>
                        <onclick condition="!Skin.HasSetting(home.vertical) + !Skin.HasSetting(home.classicwidgets)">Skin.SetBool(home.classicwidgets)</onclick>
                    </control>
                    <control type="radiobutton" id="9322" description="Show Icons">
                        <width>1310</width>
                        <visible>ControlGroup(9100).HasFocus(9105)</visible>
                        <include>DefSettingsButton</include>
                        <label>31190</label>
                        <selected>Skin.HasSetting(home.showicons)</selected>
                        <onclick>Skin.ToggleSetting(home.showicons)</onclick>
                    </control>
                    <control type="radiobutton" id="9323" description="Horz Sub">
                        <width>1310</width>
                        <visible>ControlGroup(9100).HasFocus(9105)</visible>
                        <include>DefSettingsButton</include>
                        <label>31202</label>
                        <enable>!Skin.HasSetting(home.showicons) + !Skin.HasSetting(home.vertical)</enable>
                        <selected>Skin.HasSetting(home.submenu2)</selected>
                        <onclick>Skin.ToggleSetting(home.submenu2)</onclick>
                    </control>
                    <control type="radiobutton" id="9324" description="Busy Loader Minimal">
                        <width>1310</width>
                        <visible>ControlGroup(9100).HasFocus(9105)</visible>
                        <include>DefSettingsButton</include>
                        <label>31237</label>
                        <selected>Skin.HasSetting(hide.busydialog)</selected>
                        <onclick>Skin.ToggleSetting(hide.busydialog)</onclick>
                    </control>
                    <control type="button" id="9325" description="Set Custom Colour">
                        <width>1310</width>
                        <visible>ControlGroup(9100).HasFocus(9105)</visible>
                        <include>DefSettingsButton</include>
                        <label>$LOCALIZE[31238]</label>
                        <label2>$INFO[Skin.String(focuscolor.name)]</label2>
                        <onclick>ActivateWindow(1107)</onclick>
                    </control>
                    <control type="button" id="9326" description="Customise Home">
                        <width>1310</width>
                        <visible>ControlGroup(9100).HasFocus(9105)</visible>
                        <include>DefSettingsButton</include>
                        <label>$LOCALIZE[31109]</label>
                        <onclick>RunScript(script.skinshortcuts,type=manage&amp;group=mainmenu)</onclick>
                    </control>
                    <control type="button" id="9327" description="Reset Home to Defaults">
                        <width>1310</width>
                        <visible>ControlGroup(9100).HasFocus(9105)</visible>
                        <include>DefSettingsButton</include>
                        <label>31132</label>
                        <onclick>RunScript(script.skinshortcuts,type=resetall)</onclick>
                    </control>
                </control>

                <!-- Lines -->
                <control type="image">
                    <top>10</top>
                    <left>450</left>
                    <width>1</width>
                    <bottom>10</bottom>
                    <colordiffuse>Black12</colordiffuse>
                    <texture>common/white.png</texture>
                </control>

                <!-- Header -->
                <control type="label">
                    <left>30</left>
                    <width>390</width>
                    <posy>18</posy>
                    <font>MediumBold</font>
                    <label>Onderhoud AFK-Box</label>
                    <textcolor>PanelWhite100</textcolor>
                </control>
                <control type="label">
                    <left>480</left>
                    <width>390</width>
                    <posy>18</posy>
                    <font>MediumBold</font>
                    <label>Instellingen</label>
                    <textcolor>PanelWhite100</textcolor>
                </control>
            </control>
        </control>
        <include>Def9000SettingsMenu</include>
    </controls>
</window>
