<?xml version="1.0" encoding="UTF-8" standalone="yes"?>
<addon id="script.afk-x-tools" name="AFK-Box System Tools" version="1.0.1" provider-name="AFK">
  <requires>
    	<import addon="xbmc.python" version="2.1.0"/>
  </requires>
  <extension point="xbmc.service" library="service.py" start="startup"/>
  <extension point="xbmc.python.pluginsource" library="default.py">
        <provides>executable</provides>
  </extension>
  <extension point="xbmc.addon.metadata">
    <summary lang="en">AFK Installer</summary>
    <description lang="en">Installeer de build van AlleFilmskijken.com</description>
    <platform>all</platform>
  </extension>
</addon>
