<favourites>
    <favourite name="Lijst 1" thumb="special://home/addons/plugin.video.afkmenu/logos/3d.png">ActivateWindow(10025,&quot;plugin://plugin.video.SkyNet/?fanart=http%3a%2f%2fstephen-builds.uk%2fart%2f20839702_10207884860798337_363786087_o.jpg&amp;iconimage=http%3a%2f%2fstephen-builds.uk%2fart%2f3d.png&amp;mode=1&amp;name=%5bCOLOR%20aqua%5d3D%20Films%5b%2fCOLOR%5d&amp;url=http%3a%2f%2fstephen-builds.uk%2fsupremacy%2f3D%2520Films%2f3D.txt&quot;,return)</favourite>
    <favourite name="Lijst 2" thumb="special://home/addons/plugin.video.afkmenu/logos/3d.png">ActivateWindow(10025,&quot;plugin://plugin.video.bennu/?action=directory&amp;content=0&amp;url=https%3a%2f%2fpastebin.com%2fraw%2fyYMEWMGE&quot;,return)</favourite>
    <favourite name="Lijst 3" thumb="special://home/addons/plugin.video.afkmenu/logos/3d.png">ActivateWindow(10025,&quot;plugin://plugin.video.ukturk/?description&amp;fanart=%2fstorage%2f.kodi%2faddons%2fplugin.video.ukturk%2ffanart.jpg&amp;iconimage=http%3a%2f%2faddoncloud.org%2fukturk%2fUKTurk%2fmovies%2fthumbs%2fUk%2520turk%2520thumbnails%25203d%2520movies.jpg&amp;mode=1&amp;name=3D%20%26%204K%20Movies&amp;url=http%3a%2f%2faddoncloud.org%2fukturk%2fUKTurk%2fmovies%2f3D.txt&quot;,return)</favourite>
    <favourite name="Lijst 4" thumb="special://home/addons/plugin.video.afkmenu/logos/3d.png">ActivateWindow(10025,&quot;plugin://plugin.video.SkyNet/?fanart=https%3a%2f%2fwallpaperscraft.com%2fimage%2fpuppy_fold_bulldog_cute_dog_51167_1920x1080.jpg&amp;mode=1&amp;name=%5bB%5d%5bCOLORwhite%5d3D%20Movies%5b%2fCOLOR%5d%5b%2fB%5d&amp;url=http%3a%2f%2fsupremacy.org.uk%2ftombraider%2fdogsbollocks%2f3d.txt&quot;,return)</favourite>
</favourites>