<advancedsettings>
<loglevel hide="true">-1</loglevel>
<splash>false</splash>
<fanartres>720</fanartres>
  <imageres>480</imageres>
  <nodvdrom>true</nodvdrom>
   <network>
      <buffermode>0</buffermode>
      <cachemembuffersize>209715200</cachemembuffersize>
      <readbufferfactor>20</readbufferfactor>
</network>
<pvr>
    <minvideocachelevel>65</minvideocachelevel>
    <minaudiocachelevel>65</minaudiocachelevel>
    <cacheindvdplayer>true</cacheindvdplayer>
</pvr>
<video>
    <playcountminimumpercent>85</playcountminimumpercent>
    <ignoresecondsatstart>180</ignoresecondsatstart>
	<subsdelayrange>240</subsdelayrange>
</video>
<videoscanner>
<ignoreerrors>true</ignoreerrors>
</videoscanner>
    <lookandfeel>
        <enablerssfeeds>true</enablerssfeeds>
        <soundskin>OFF</soundskin>
    </lookandfeel>
    <subtitles>
        <downloadfirst>false</downloadfirst>
    </subtitles>
</advancedsettings>