<?xml version="1.0" encoding="UTF-8" standalone="yes"?>
<addon id="repository.afk-x" name="AFK-Box X repo" version="1.0.1" provider-name="AFK">
	<extension point="xbmc.addon.repository" name="AFK Repository">
	<dir>
	        <info compressed="false">http://addons.mtsystems.nl/addons/addons.xml</info>
		    <checksum>http://addons.mtsystems.nl/addons/addons.xml.md5</checksum>
		    <datadir zip="true">http://addons.mtsystems.nl/addons/repo/</datadir>
	</dir>
	</extension>
	<extension point="xbmc.addon.metadata">
		<summary>Official AFK-Box Addons</summary>
		<description lang="en">Download and install addons from AFK</description>
		<platform>all</platform>
	</extension>
</addon>