<favourites>
    <favourite name="Aflevering Gemist" thumb="special://skin/logos/gemist.png">ActivateWindow(10025,&quot;plugin://net.rieter.xot/?action=listcategory&amp;category=National&quot;,return)</favourite>
    <favourite name="HD-Trailers" thumb="special://skin/logos/hdtrailer.png">ActivateWindow(10025,&quot;plugin://plugin.video.hdtrailers_net/&quot;,return)</favourite>
    <favourite name="YouTube" thumb="special://skin/logos/youtube.png">ActivateWindow(10025,&quot;plugin://plugin.video.youtube/&quot;,return)</favourite>
	<favourite name="Documentaires" thumb="special://skin/logos/docu.png">ActivateWindow(10025,&quot;plugin://plugin.video.DecadoDocs/&quot;,return)</favourite>
    <favourite name="Fitness" thumb="special://skin/logos/fitness.png">ActivateWindow(10025,&quot;plugin://plugin.video.placenta/?action=fitness&amp;sf_options=winID%3D10025%26desc%3D%26_options_sf&quot;,return)</favourite>
</favourites>
