<?xml version='1.0' encoding='UTF-8'?>
<shortcuts>
	<shortcut>
		<defaultID />
		<label>IPTV PVR</label>
		<label2>Algemene snelkoppeling</label2>
		<icon>special://skin/extras/icons/livetv.png</icon>
		<thumb />
		<action>ActivateWindow(TVChannels)</action>
	</shortcut>
		<shortcut>
		<defaultID />
		<label>IPTV</label>
		<label2>Algemene snelkoppeling</label2>
		<icon>special://skin/extras/icons/livetv.png</icon>
		<thumb />
		<action>ActivateWindow(10025,&quot;plugin://plugin.video.afkiptv/&quot;,return)</action>
		<visible>!Skin.HasSetting(iptvbox)</visible>
	</shortcut>
	<shortcut>
		<defaultID />
		<label>IPTV M3U Lists</label>
		<label2>Algemene snelkoppeling</label2>
		<icon>special://skin/extras/icons/livetv.png</icon>
		<thumb />
		<action>ActivateWindow(10025,&quot;plugin://plugin.video.playlistLoader/&quot;,return)</action>
	</shortcut>
		<shortcut>
		<defaultID />
		<label>    </label>
		<label2>Algemene snelkoppeling</label2>
		<icon>special://skin/extras/icons/livetv.png</icon>
		<thumb />
		<action></action>
	</shortcut>
	    <shortcut>
		<defaultID />
		<label>IPTV Instellingen</label>
		<label2>Algemene snelkoppeling</label2>
		<icon>special://skin/extras/icons/livetv.png</icon>
		<thumb />
		<action>Addon.OpenSettings(plugin.video.afkiptv)</action>
	</shortcut>
</shortcuts>
