<favourites>
	<favourite name="Populair" thumb="special://skin/logos/xxx1.png">ActivateWindow(10025,&quot;plugin://plugin.video.fantasticc/?mode=1&amp;name=Popular%20Last%207%20Days&amp;url=http%3a%2f%2ffantasti.cc%2fvideos%2fpopular%2f7days%2f&quot;)</favourite>
	<favourite name="Genres" thumb="special://skin/logos/xxx5.png">ActivateWindow(10025,&quot;plugin://plugin.video.lubetube/&quot;)</favourite>
	<favourite name="Willekeurig" thumb="special://skin/logos/xxx3.png">ActivateWindow(10025,&quot;plugin://plugin.video.you.jizz/?mode=1&amp;name=Random%20Videos&amp;url=http%3a%2f%2fwww.youjizz.com%2frandom.php&quot;)</favourite>
	<favourite name="Websites" thumb="special://skin/logos/xxx2.png">ActivateWindow(10025,&quot;plugin://plugin.video.videodevil/&quot;)</favourite>
	<favourite name="Zoeken" thumb="special://skin/logos/xxx4.png">ActivateWindow(10025,&quot;plugin://plugin.video.you.jizz/?mode=3&amp;name=Search&amp;url=http%3a%2f%2fwww.youjizz.com%2fsrch.php%3fq%3d&quot;)</favourite>
</favourites>