<?xml version="1.0" encoding="UTF-8" standalone="yes"?>
<addon id="repository.jsergio" name="jsergio repo" version="1.0.3" provider-name="jsergio">
	<extension point="xbmc.addon.repository" name="jsergio repo">
        <dir>
            <info compressed="false">https://raw.github.com/ddurdle/repository.ddurdle/master/addons.xml</info>
            <checksum>https://raw.github.com/ddurdle/repository.ddurdle/master/addons.xml.md5</checksum>
            <datadir zip="true">http://dmdsoftware.net/repository.ddurdle/</datadir>
        </dir>
        <info compressed="false">https://raw.githubusercontent.com/jsergio123/zips/master/addons.xml</info>
        <checksum>https://raw.githubusercontent.com/jsergio123/zips/master/addons.xml.md5</checksum>
        <datadir zip="true">https://raw.githubusercontent.com/jsergio123/zips/master/</datadir>
	</extension>
	<extension point="xbmc.addon.metadata">
		<summary>Repo for jsergio Add-ons</summary>
		<description>Repo for jsergio Add-ons</description>
		<platform>all</platform>
	</extension>
</addon>
